CompanyName,RecruiterName,CompanyUrl,PhysicalAddress,Number,EmailAddress
N/A,Mariana Anderson,www.reallygreatsite.com,Mariana Anderson Marketing Manager Anywhere St Any City,123-456-7890 : 123-456-7890,hello@reallygreatsite.com
N/A,Mariana Anderson,.reallygreatsite.com,Mariana Anderson Marketing Manager com Business com Logo Anywhere St,123-456-7890 : 123-456-7890,hello@reallygreatsite.com
N/A,Mariana Anderson,.reallygreatsite.com,Mariana Anderson Marketing Manager com Business com Logo Anywhere St,123-456-7890 : 123-456-7890,hello@reallygreatsite.com
N/A,Real Estate,verysmartdesign.com,Real Estate Agent kw KELLERWILLIAMS Office REALTY Fax Keller Williams Office Name Main Street com Your Each Office Independently Owned And Operated Card Layout and Design Very Smart Design wwW com MAR SIGN SMARS DEN DEMO SIGN City,555.123.4567 : 555.123.4568 : 555.123.4569,KathyClark@YourSite.com
N/A,Company Name,N/A,Company Name John Abraham Business Consultant Anywhere St reallygreatsitecom wwWreallygreatsite com Any,123-456-7890,hello@reallygreatsitecom
N/A,Mariana Anderson,www.reallygreatsite.com,Mariana Anderson Marketing Manager Anywhere St Any City,123-456-7890 : 123-456-7890,hello@reallygreatsite.com
N/A,Company Name,reallygreatsite.com,Company Name John Abraham Business Consultant Anywhere St Any City,123-456-7890,hello@reallygreatsite.com
N/A,Mariana Anderson,www.reallygreatsite.com,Mariana Anderson Marketing Manager Anywhere St Any City,123-456-7890 : 123-456-7890,hello@reallygreatsite.com
N/A,Company Name,N/A,Company Name John Abraham Business Consultant Anywhere St reallygreatsitecom wwWreallygreatsite com Any,123-456-7890,hello@reallygreatsitecom
Recruiter Bloomberg Industry Group,Rob Bento,N/A,Rob Bento Recruiter Bloomberg Industry Group Bell St bloombergindustry com SCAN QR COP WWW bloombergindustry com Visit careers webs support hour global,704 6645 : 800 3721033,N/A
